Contract Item #,AASIS Item #,Sysco Item Number,Brand,Product Description,Unit of Measure,Cost
1,10167621,2867825,SYS SUP,"BEEF, TENDERLOIN, CENTER CUT, CHOICE, 6.5LB, 2/CS",2/6.5 LB,$289.50
2,10006556,5614226,SYS SUP,"BEEF, TENDERLOIN, FILET, 8OZ, CENTER CUT, 20/CS",20/8 OZ,$315.80
3,10064196,4744854,SYS IMP,"BEEF, TENDERLOIN, FILET, 6OZ, CENTER CUT, 28/CS",28/6 OZ,$298.40
4,10036579,2719583,SYS CLS,"BEEF, TENDERLOIN, WHOLE, CHOICE, PSMO, 2/CS",2/6 LB,$245.60
5,10177392,2458591,SYS IMP,"BEEF, SHORT RIB, BONELESS, 10LB, 1/CS",1/10 LB,$189.75
6,10154794,8078673,SYS CLS,"BEEF, STRIP LOIN, CHOICE, WHOLE, 2/CS",2/13 LB,$298.00
7,10008331,1499914,SYS CLS,"BEEF, RIBEYE, CHOICE, LIP-ON, 2/CS",2/17 LB,$345.20
8,10024561,4668136,SYS CLS,"BEEF, GROUND, 80/20, 10LB, 4/CS",4/10 LB,$117.20
9,10060990,9478454,SYS IMP,"BEEF, STEW MEAT, CUBED, 10LB, 2/CS",2/10 LB,$98.50
10,10157815,1445199,SYS CLS,"BEEF, BRISKET, WHOLE, PACKER, 13LB, 2/CS",2/13 LB,$156.80
11,10147127,4335942,PACKER,"BEEF, BONE MARROW, CANOE CUT, 2IN, 5LB, 2/CS",2/5 LB,$89.60
12,10187700,8038374,SYS SUP,"LAMB, RACK, FRENCHED, NEW ZEALAND, 2LB, 8/CS",8/2 LB,$298.40
13,10057787,8536477,SYS IMP,"LAMB, RACK, DOMESTIC, FRENCHED, 2LB, 8/CS",8/2 LB,$275.60
14,10154472,5667265,SYS IMP,"LAMB, RIB CHOP, FRENCHED, 4OZ, 36/CS",36/4 OZ,$324.00
15,10001703,3678638,SYS CLS,"LAMB, LEG, BONELESS, 6LB, 2/CS",2/6 LB,$145.80
16,10183013,8090293,SYS CLS,"LAMB, GROUND, 10LB, 2/CS",2/5 LB,$89.50
17,10089194,5661907,SYS CLS,"LAMB, SHOULDER, BONELESS, 5LB, 2/CS",2/5 LB,$112.40
18,10040758,4612365,SYS CLS,"LAMB, SHANK, 14OZ, 12/CS",12/14 OZ,$134.60
19,10088236,2714803,MAPLE L,"DUCK, BREAST, MUSCOVY, BONELESS, 8OZ, 12/CS",12/8 OZ,$156.80
20,10024312,7374122,MAPLE L,"DUCK, BREAST, PEKIN, BONELESS, 6OZ, 12/CS",12/6 OZ,$128.40
21,10025353,7022674,MAPLE L,"DUCK, WHOLE, PEKIN, 5.5LB, 4/CS",4/5.5 LB,$178.00
22,10090165,5437923,MAPLE L,"DUCK, LEG, CONFIT, 12/CS",12/7 OZ,$112.50
23,10011390,8707870,TYSON,"CHICKEN, BREAST, BONELESS SKINLESS, 6OZ, 40/CS",40/6 OZ,$86.40
24,10140568,3094235,TYSON,"CHICKEN, THIGH, BONELESS SKINLESS, IQF, 10LB, 2/CS",2/10 LB,$72.80
25,10099230,2322047,SYS CLS,"CHICKEN, WHOLE, ROASTER, 5.5LB, 6/CS",6/5.5 LB,$89.50
26,10144714,5918715,SYS CLS,"CHICKEN, STOCK, LOW SODIUM, 1QT, 12/CS",12/1 QT,$45.60
27,10164794,7067228,SYS SUP,"SCALLOP, SEA, DIVER, DRY PACK, U-10, 5LB, 2/CS",2/5 LB,$285.60
28,10151349,4226067,SYS IMP,"SCALLOP, SEA, DRY PACK, 10-20CT, 5LB, 2/CS",2/5 LB,$198.40
29,10184699,2166941,SYS IMP,"SCALLOP, BAY, IQF, 1LB, 10/CS",10/1 LB,$156.80
30,10012012,4823498,SYS SUP,"LOBSTER, TAIL, COLD WATER, 6OZ, 10/CS",10/6 OZ,$298.50
31,10075861,2338687,SYS SUP,"LOBSTER, TAIL, MAINE, 9OZ, 10/CS",10/9 OZ,$345.80
32,10061024,2694522,SYS IMP,"LOBSTER, MEAT, CKD, CLAW/KNUCKLE, 2LB, 6/CS",6/2 LB,$312.60
33,10099647,5663623,PACKER,"LOBSTER, SHELLS, CRUSHED, FOR STOCK, 5LB, 2/CS",2/5 LB,$32.40
34,10118858,7120868,SYS SUP,"SALMON, WILD, SOCKEYE, ALASKAN, FILLET, 5OZ, 20/CS",20/5 OZ,$245.80
35,10042638,7210606,SYS IMP,"SALMON, ATLANTIC, FILLET, SKIN-ON, 6OZ, 20/CS",20/6 OZ,$189.60
36,10093132,4514944,SYS IMP,"SALMON, SMOKED, SLICED, 1LB, 10/CS",10/1 LB,$215.40
37,10175682,5479144,SYS SUP,"SEA BASS, CHILEAN, FILLET, 7OZ, 10/CS",10/7 OZ,$298.60
38,10183977,2197935,SYS SUP,"TUNA, AHI, SASHIMI GRADE, #1, LOIN, 2.5LB, 4/CS",4/2.5 LB,$278.40
39,10159680,3871230,SYS IMP,"TUNA, AHI, STEAK, SUSHI GRADE, 6OZ, 20/CS",20/6 OZ,$256.80
40,10140021,5107245,SYS CLS,"SHRIMP, WHITE, P&D, TAIL-ON, 16-20CT, 5LB, 2/CS",2/5 LB,$145.60
41,10042834,8755439,SYS CLS,"SHRIMP, WHITE, P&D, 21-25CT, 5LB, 2/CS",2/5 LB,$128.40
42,10099471,5528972,SYS CLS,"COD, FILLET, SKINLESS, 6-8OZ, 10LB, 1/CS",1/10 LB,$112.80
43,10167772,4684531,SYS CLS,"HALIBUT, FILLET, SKINLESS, 6OZ, 10/CS",10/6 OZ,$198.40
44,10179467,6440561,SYS CLS,"CRAB, LUMP, PASTEURIZED, 1LB, 6/CS",6/1 LB,$234.60
45,10014663,4842788,NUESKES,"BACON, SMOKED, APPLEWOOD, THICK CUT, 15LB, 1/CS",1/15 LB,$124.80
46,10008414,6292423,SYS CLS,"BACON, SLAB, SMOKED, 13LB, 1/CS",1/13 LB,$98.60
47,10105162,5491946,SYS CLS,"BACON, STRIP, LAYOUT, 18-22CT, 15LB, 1/CS",1/15 LB,$86.40
48,10017350,4539704,CITTERIO,"PROSCIUTTO, DI PARMA, SLICED, 3LB, 4/CS",4/3 LB,$198.60
49,10148682,6279418,SYS IMP,"PROSCIUTTO, DOMESTIC, SLICED, 3LB, 4/CS",4/3 LB,$145.40
50,10055738,9375710,HORMEL,"PANCETTA, DICED, 5LB, 2/CS",2/5 LB,$78.90
51,10103712,8698256,SYS CLS,"PORK, TENDERLOIN, 2LB, 12/CS",12/2 LB,$89.60
52,10037452,5443951,SYS CLS,"PORK, CHOP, CENTER CUT, BONE-IN, 10OZ, 20/CS",20/10 OZ,$112.40
53,10036603,5137722,SYS IMP,"CREAM, HEAVY, WHIPPING, 36%, 1QT, 12/CS",12/1 QT,$72.80
54,10195294,5408072,SYS CLS,"CREAM, HEAVY, 40%, 0.5GAL, 9/CS",9/0.5 GAL,$98.40
55,10195825,8187926,SYS IMP,"BUTTER, UNSALTED, AA GRADE, 1LB, 36/CS",36/1 LB,$198.60
56,10152969,7700828,SYS CLS,"BUTTER, SALTED, AA GRADE, 1LB, 36/CS",36/1 LB,$189.40
57,10094895,4679591,SYS CLS,"BUTTER, CLARIFIED, GHEE, 1QT, 12/CS",12/1 QT,$145.80
58,10036262,9548432,BELGIOSO,"MASCARPONE, IMPORTED, 5LB, 4/CS",4/5 LB,$112.60
59,10129372,2525206,SYS IMP,"MASCARPONE, DOMESTIC, 2LB, 6/CS",6/2 LB,$89.40
60,10198123,1790481,VERMONT,"CREME FRAICHE, 8OZ, 12/CS",12/8 OZ,$78.60
61,10028743,3564251,SYS IMP,"CHEESE, FONTINA, ITALIAN, WHEEL CUT, 5LB, 2/CS",2/5 LB,$98.40
62,10164481,3684052,EMMI,"CHEESE, GRUYERE, SWISS, AGED, WEDGE, 5LB, 2/CS",2/5 LB,$134.60
63,10178384,8082668,SYS IMP,"CHEESE, PARMESAN, REGGIANO, AGED 24MO, WEDGE, 5LB, 2/CS",2/5 LB,$156.80
64,10156345,2065818,SYS CLS,"CHEESE, PARMESAN, GRATED, 5LB, 4/CS",4/5 LB,$89.60
65,10100864,7402509,SYS IMP,"CHEESE, MOZZARELLA, FRESH, 4OZ BALL, 12/CS",12/4 OZ,$68.40
66,10156208,8852574,SYS CLS,"CHEESE, MOZZARELLA, SHREDDED, 5LB, 4/CS",4/5 LB,$57.89
67,10138704,5218028,SYS CLS,"CHEESE, RICOTTA, WHOLE MILK, 3LB, 6/CS",6/3 LB,$56.80
68,10145024,1192619,SYS CLS,"CHEESE, GOAT, CHEVRE, LOG, 10.5OZ, 12/CS",12/10.5OZ,$78.90
69,10178332,2921859,SYS CLS,"CHEESE, BLUE, DOMESTIC, CRUMBLED, 5LB, 2/CS",2/5 LB,$89.40
70,10178706,5476583,SYS CLS,"CHEESE, CHEDDAR, SHARP, BLOCK, 5LB, 4/CS",4/5 LB,$72.60
71,10168024,6707197,SYS CLS,"CHEESE, BRIE, DOUBLE CREAM, 2.2LB, 2/CS",2/2.2 LB,$56.80
72,10029242,5924115,SYS CLS,"CHEESE, CREAM, PHILLY STYLE, 3LB, 10/CS",10/3 LB,$67.66
73,10113971,3653446,SYS CLS,"CHEESE, SWISS, SLICED, 5LB, 4/CS",4/5 LB,$78.40
74,10118940,1054447,SYS IMP,"EGGS, WHOLE, SHELL, LARGE, AA GRADE, 15DZ/CS",1/15 DZ,$62.40
75,10189292,5418934,SYS CLS,"EGGS, WHOLE, SHELL, LARGE, GRADE A, 30DZ/CS",1/30 DZ,$118.80
76,10131225,3997281,SYS CLS,"EGGS, LIQUID, WHOLE, PASTEURIZED, 2LB, 12/CS",12/2 LB,$63.08
77,10133085,2785277,SYS CLS,"EGGS, WHITES, LIQUID, PASTEURIZED, 2LB, 12/CS",12/2 LB,$58.40
78,10163918,6007072,SYS CLS,"SOUR CREAM, 5LB, 4/CS",4/5 LB,$45.60
79,10167496,9517169,SYS CLS,"BUTTERMILK, 0.5GAL, 9/CS",9/0.5 GAL,$38.40
80,10159637,4337174,SYS CLS,"MILK, WHOLE, 1GAL, 4/CS",4/1 GAL,$28.60
81,10040065,7273233,SYS CLS,"CREAM, HALF AND HALF, 1QT, 12/CS",12/1 QT,$42.80
82,10199887,3710343,IMPFRSH,"ASPARAGUS, FRESH, JUMBO, 11LB, 1/CS",1/11 LB,$62.40
83,10141394,9897858,IMPFRSH,"ASPARAGUS, FRESH, STANDARD, 11LB, 1/CS",1/11 LB,$48.60
84,10000149,6438436,IMPFRSH,"BROCCOLINI, FRESH, BUNCHED, 18CT, 1/CS",1/18 CT,$56.80
85,10128085,1326765,IMPFRSH,"BROCCOLI, CROWN, FRESH, 20LB, 1/CS",1/20 LB,$38.40
86,10029325,7089806,IMPFRSH,"POTATO, FINGERLING, MIXED, 10LB, 1/CS",1/10 LB,$42.60
87,10080612,5017343,IMPFRSH,"POTATO, YUKON GOLD, 50LB, 1/CS",1/50 LB,$38.80
88,10015184,5041154,IMPFRSH,"POTATO, RUSSET, 80CT, 50LB, 1/CS",1/50 LB,$32.40
89,10148729,2321324,IMPFRSH,"POTATO, SWEET, 40LB, 1/CS",1/40 LB,$36.80
90,10022453,9153566,IMPFRSH,"ARUGULA, BABY, 2LB, 4/CS",4/2 LB,$42.60
91,10018143,9937326,IMPFRSH,"ARUGULA, MICRO, 4OZ, 8/CS",8/4 OZ,$48.80
92,10032967,3154051,IMPFRSH,"SHALLOT, FRESH, PEELED, 5LB, 1/CS",1/5 LB,$32.40
93,10172949,8973915,IMPFRSH,"SHALLOT, FRESH, WHOLE, 5LB, 1/CS",1/5 LB,$28.60
94,10144127,3770370,IMPFRSH,"GARLIC, FRESH, PEELED, 5LB, 1/CS",1/5 LB,$28.40
95,10069483,9852897,IMPFRSH,"GARLIC, FRESH, WHOLE, 10LB, 1/CS",1/10 LB,$38.60
96,10159014,8099076,IMPFRSH,"ONION, YELLOW, JUMBO, 50LB, 1/CS",1/50 LB,$23.65
97,10055521,4374754,IMPFRSH,"ONION, RED, 25LB, 1/CS",1/25 LB,$28.40
98,10186895,6229731,IMPFRSH,"ONION, PEARL, WHITE, 5LB, 2/CS",2/5 LB,$34.60
99,10104593,7264956,IMPFRSH,"JALAPENO, FRESH, 10LB, 1/CS",1/10 LB,$22.80
100,10114845,9683481,IMPFRSH,"PEPPER, RED BELL, FRESH, 25LB, 1/CS",1/25 LB,$45.60
101,10118354,3030113,IMPFRSH,"PEPPER, GREEN BELL, FRESH, 25LB, 1/CS",1/25 LB,$32.40
102,10064986,4769795,IMPFRSH,"CUCUMBER, ENGLISH, 12CT, 1/CS",1/12 CT,$24.60
103,10016784,6672134,IMPFRSH,"CELERY, FRESH, STALK, 24CT, 1/CS",1/24 CT,$38.80
104,10005514,4860684,IMPFRSH,"CARROT, FRESH, JUMBO, 50LB, 1/CS",1/50 LB,$31.53
105,10154256,4694634,IMPFRSH,"CARROT, BABY, PEELED, 5LB, 4/CS",4/5 LB,$28.60
106,10001885,2191066,IMPFRSH,"TOMATO, ROMA, FRESH, 25LB, 1/CS",1/25 LB,$34.60
107,10185556,1987737,IMPFRSH,"TOMATO, CHERRY, 12OZ, 12/CS",12/12 OZ,$42.80
108,10060015,2130789,IMPFRSH,"TOMATO, HEIRLOOM, MIXED, 10LB, 1/CS",1/10 LB,$48.60
109,10008234,6543670,IMPFRSH,"BEANS, GREEN, FRENCH, HARICOT VERT, 5LB, 4/CS",4/5 LB,$56.40
110,10018574,9626108,IMPFRSH,"BEANS, GREEN, WHOLE, FRESH, 10LB, 1/CS",1/10 LB,$32.80
111,10062391,5672073,IMPFRSH,"GREENS, SWISS CHARD, RAINBOW, 10OZ, 12/CS",12/10 OZ,$38.60
112,10175368,9143903,IMPFRSH,"GREENS, SWISS CHARD, GREEN, 10OZ, 12/CS",12/10 OZ,$34.40
113,10056160,3219824,IMPFRSH,"GREENS, KALE, LACINATO, 10OZ, 12/CS",12/10 OZ,$32.60
114,10189622,8930103,IMPFRSH,"SPINACH, BABY, FRESH, 2.5LB, 4/CS",4/2.5 LB,$42.40
115,10063700,8935169,IMPFRSH,"SPINACH, FLAT LEAF, FRESH, 10OZ, 12/CS",12/10 OZ,$34.60
116,10106708,4194548,IMPFRSH,"LETTUCE, ROMAINE, HEARTS, 24CT, 1/CS",1/24 CT,$42.80
117,10024726,2626229,IMPFRSH,"LETTUCE, MIXED GREENS, 3LB, 4/CS",4/3 LB,$38.40
118,10172748,8231838,IMPFRSH,"MUSHROOM, CREMINI, WHOLE, 5LB, 2/CS",2/5 LB,$34.60
119,10092876,8106470,IMPFRSH,"MUSHROOM, SHIITAKE, FRESH, 3LB, 2/CS",2/3 LB,$56.80
120,10107767,8835373,IMPFRSH,"MUSHROOM, OYSTER, FRESH, 2LB, 4/CS",4/2 LB,$48.60
121,10191122,1908841,IMPFRSH,"MUSHROOM, WHITE BUTTON, 5LB, 2/CS",2/5 LB,$28.40
122,10176518,2651177,IMPFRSH,"MUSHROOM, PORTOBELLO, CAP, 5LB, 1/CS",1/5 LB,$32.60
123,10015889,7754864,IMPFRSH,"MUSHROOM, CHANTERELLE, FRESH, 1LB, 4/CS",4/1 LB,$98.40
124,10190896,6692553,SYS CLS,"MUSHROOM, DRIED, PORCINI, 1LB, 4/CS",4/1 LB,$112.60
125,10028644,5171761,SYS CLS,"MUSHROOM, DRIED, MIXED WILD, 1LB, 4/CS",4/1 LB,$89.40
126,10050224,4191175,IMPFRSH,"ROOT VEGETABLE, PARSNIP, FRESH, 10LB, 1/CS",1/10 LB,$34.60
127,10140584,8526486,IMPFRSH,"ROOT VEGETABLE, TURNIP, FRESH, 25LB, 1/CS",1/25 LB,$28.40
128,10036747,8077999,IMPFRSH,"ROOT VEGETABLE, BEET, RED, FRESH, 25LB, 1/CS",1/25 LB,$32.60
129,10048100,5673212,IMPFRSH,"ROOT VEGETABLE, BEET, GOLDEN, FRESH, 10LB, 1/CS",1/10 LB,$38.40
130,10121275,5191056,IMPFRSH,"CORN, SWEET, FRESH, BI-COLOR, 48CT, 1/CS",1/48 CT,$42.80
131,10019761,8434500,IMPFRSH,"SQUASH, ZUCCHINI, FRESH, 20LB, 1/CS",1/20 LB,$28.60
132,10144264,2642635,IMPFRSH,"FENNEL, FRESH, BULB, 12CT, 1/CS",1/12 CT,$36.80
133,10013261,1247595,IMPFRSH,"EGGPLANT, FRESH, 18CT, 1/CS",1/18 CT,$32.40
134,10024448,4965789,IMPFRSH,"HERB, ROSEMARY, FRESH, 1OZ, 12/CS",12/1 OZ,$28.60
135,10043597,7818496,IMPFRSH,"HERB, THYME, FRESH, 1OZ, 12/CS",12/1 OZ,$28.60
136,10127307,9075854,IMPFRSH,"HERB, DILL, FRESH, 1OZ, 12/CS",12/1 OZ,$26.40
137,10056032,7728339,IMPFRSH,"HERB, MINT, FRESH, 1OZ, 12/CS",12/1 OZ,$24.60
138,10015370,3762152,IMPFRSH,"HERB, PARSLEY, FLAT LEAF, FRESH, 1OZ, 12/CS",12/1 OZ,$22.40
139,10099345,1036161,IMPFRSH,"HERB, CILANTRO, FRESH, 1OZ, 12/CS",12/1 OZ,$18.60
140,10102346,5449368,IMPFRSH,"HERB, TARRAGON, FRESH, 4OZ, 12/CS",12/4 OZ,$42.80
141,10119277,5785687,IMPFRSH,"HERB, BASIL, FRESH, 1OZ, 12/CS",12/1 OZ,$28.40
142,10110888,9164991,IMPFRSH,"HERB, CHIVE, FRESH, 1OZ, 12/CS",12/1 OZ,$26.60
143,10040579,4185957,IMPFRSH,"HERB, SAGE, FRESH, 1OZ, 12/CS",12/1 OZ,$28.40
144,10077780,4652414,IMPFRSH,"HERB, BAY LEAF, FRESH, 4OZ, 12/CS",12/4 OZ,$38.60
145,10015331,2022698,IMPFRSH,"HERB, OREGANO, FRESH, 1OZ, 12/CS",12/1 OZ,$26.40
146,10196077,6261415,IMPFRSH,"LEMON, FRESH, 140CT, 1/CS",1/140 CT,$52.80
147,10014985,1841248,IMPFRSH,"LEMON, MEYER, FRESH, 10LB, 1/CS",1/10 LB,$48.60
148,10153138,8999183,IMPFRSH,"LIME, FRESH, 200CT, 1/CS",1/200 CT,$56.40
149,10131819,9910817,IMPFRSH,"GRAPEFRUIT, RUBY RED, FRESH, 40CT, 1/CS",1/40 CT,$48.80
150,10041270,1954280,IMPFRSH,"ORANGE, NAVEL, FRESH, 88CT, 1/CS",1/88 CT,$52.60
151,10133124,2344047,IMPFRSH,"RASPBERRY, FRESH, 6OZ, 12/CS",12/6 OZ,$48.60
152,10048712,2149597,IMPFRSH,"BLUEBERRY, FRESH, 12OZ, 12/CS",12/12 OZ,$52.80
153,10155984,2140194,IMPFRSH,"STRAWBERRY, FRESH, 1LB, 8/CS",8/1 LB,$38.40
154,10177002,4946066,IMPFRSH,"BLACKBERRY, FRESH, 6OZ, 12/CS",12/6 OZ,$52.60
155,10105847,3011363,IMPFRSH,"CHERRY, DARK SWEET, FRESH, 5LB, 2/CS",2/5 LB,$48.80
156,10149336,5130808,IMPFRSH,"FIG, BLACK MISSION, FRESH, 1.5LB, 12/CS",12/1.5 LB,$68.40
157,10151760,1666754,IMPFRSH,"PEACH, WHITE, FRESH, 25LB, 1/CS",1/25 LB,$56.80
158,10162367,2375453,IMPFRSH,"GRAPE, RED SEEDLESS, FRESH, 18LB, 1/CS",1/18 LB,$42.60
159,10109897,9770838,IMPFRSH,"APPLE, GRANNY SMITH, FRESH, 40LB, 1/CS",1/40 LB,$52.40
160,10082934,5374922,IMPFRSH,"PEAR, BARTLETT, FRESH, 40LB, 1/CS",1/40 LB,$48.60
161,10053545,6271130,IMPFRSH,"BANANA, FRESH, 40LB, 1/CS",1/40 LB,$24.80
162,10062570,5456272,SYS CLS,"RAISINS, GOLDEN, 10LB, 1/CS",1/10 LB,$42.60
163,10103752,3195773,SYS CLS,"CRANBERRY, DRIED, 10LB, 1/CS",1/10 LB,$48.80
164,10176079,6033115,SYS CLS,"RICE, ARBORIO, ITALIAN, 12LB, 1/CS",1/12 LB,$42.60
165,10119858,6304573,SYS CLS,"RICE, WILD, 5LB, 2/CS",2/5 LB,$68.40
166,10197096,2217071,SYS CLS,"RICE, JASMINE, LONG GRAIN, 25LB, 1/CS",1/25 LB,$38.80
167,10002441,8688755,SYS CLS,"RICE, BASMATI, 25LB, 1/CS",1/25 LB,$42.60
168,10162833,2677407,SYS CLS,"RICE, LONG GRAIN, WHITE, 25LB, 1/CS",1/25 LB,$12.33
169,10019204,4576135,SYS CLS,"QUINOA, WHITE, 25LB, 1/CS",1/25 LB,$78.40
170,10132614,5449324,SYS CLS,"QUINOA, TRICOLOR, 5LB, 4/CS",4/5 LB,$86.60
171,10034722,6855396,SYS CLS,"COUSCOUS, PEARL, ISRAELI, 5LB, 4/CS",4/5 LB,$52.80
172,10018033,5098412,SYS CLS,"PASTA, PENNE, RIGATE, 1LB, 20/CS",20/1 LB,$28.60
173,10096869,5781295,SYS CLS,"PASTA, SPAGHETTI, 1LB, 20/CS",20/1 LB,$23.04
174,10041352,8351517,SYS CLS,"PASTA, FETTUCCINE, 1LB, 20/CS",20/1 LB,$26.40
175,10142401,6075395,SYS CLS,"PASTA, LINGUINE, 1LB, 20/CS",20/1 LB,$26.40
176,10160347,9874152,SYS CLS,"PASTA, ORZO, 1LB, 20/CS",20/1 LB,$28.60
177,10002050,6022741,SYS CLS,"PASTA, ELBOW, MACARONI, 1LB, 20/CS",20/1 LB,$21.76
178,10173903,2737893,SYS CLS,"FLOUR, ALL PURPOSE, UNBLEACHED, 50LB, 1/CS",1/50 LB,$17.54
179,10035203,5437001,SYS CLS,"FLOUR, ALL PURPOSE, 25LB, 1/CS",1/25 LB,$11.04
180,10030258,2795765,SYS CLS,"FLOUR, CAKE, 50LB, 1/CS",1/50 LB,$28.60
181,10194620,3607983,SYS CLS,"FLOUR, BREAD, HIGH GLUTEN, 50LB, 1/CS",1/50 LB,$22.40
182,10071394,5727085,SYS CLS,"SUGAR, GRANULATED, EXTRA FINE, 50LB, 1/CS",1/50 LB,$39.00
183,10158552,4533779,SYS CLS,"SUGAR, GRANULATED, 25LB, 1/CS",1/25 LB,$19.88
184,10188117,6752576,SYS CLS,"SUGAR, BROWN, LIGHT, 50LB, 1/CS",1/50 LB,$43.74
185,10053371,5428914,SYS CLS,"SUGAR, BROWN, DARK, 2LB, 12/CS",12/2 LB,$31.13
186,10132489,9196204,SYS CLS,"SUGAR, CONFECTIONERS, 10X, 1LB, 24/CS",24/1 LB,$32.77
187,10065829,1852264,SYS CLS,"SUGAR, DEMERARA, RAW, 25LB, 1/CS",1/25 LB,$45.60
188,10024195,8106422,CALLEBT,"CHOCOLATE, DARK, COUVERTURE, 60%, 11LB, 1/CS",1/11 LB,$78.40
189,10072530,1739653,CALLEBT,"CHOCOLATE, DARK, BITTERSWEET, 70%, 11LB, 1/CS",1/11 LB,$82.60
190,10000929,6596150,CALLEBT,"CHOCOLATE, MILK, COUVERTURE, 11LB, 1/CS",1/11 LB,$76.40
191,10034293,5394880,CALLEBT,"CHOCOLATE, WHITE, COUVERTURE, 11LB, 1/CS",1/11 LB,$74.60
192,10042357,8412769,HERSHEY,"CHOCOLATE, CHIPS, SEMI SWEET, 25LB, 1/CS",1/25 LB,$98.40
193,10144619,8175395,SYS CLS,"COCOA POWDER, DUTCH PROCESS, 5LB, 1/CS",1/5 LB,$52.60
194,10147038,1162230,SYS CLS,"COCOA POWDER, NATURAL, UNSWEETENED, 5LB, 1/CS",1/5 LB,$48.40
195,10029327,2262382,SYS CLS,"EXTRACT, VANILLA, PURE, 16OZ, 6/CS",6/16 OZ,$98.60
196,10181146,3500715,SYS CLS,"EXTRACT, VANILLA, IMITATION, 1GAL, 4/CS",4/1 GAL,$53.68
197,10143023,1604451,SYS CLS,"EXTRACT, ALMOND, PURE, 16OZ, 6/CS",6/16 OZ,$33.98
198,10096787,3484601,SYS CLS,"EXTRACT, LEMON, PURE, 16OZ, 6/CS",6/16 OZ,$81.19
199,10112666,3138181,SYS CLS,"CORNSTARCH, 1LB, 24/CS",24/1 LB,$28.60
200,10010965,6171716,SYS CLS,"BAKING POWDER, 10LB, 1/CS",1/10 LB,$24.80
201,10095591,1669324,SYS CLS,"BAKING SODA, 1LB, 24/CS",24/1 LB,$26.91
202,10093797,4524499,SYS CLS,"GELATIN, POWDER, UNFLAVORED, 1LB, 1/CS",1/1 LB,$32.40
203,10178799,5186414,SYS CLS,"GELATIN, SHEET, SILVER, 500CT, 1/CS",1/500 CT,$78.60
204,10174832,2724590,SYS CLS,"YEAST, ACTIVE DRY, 1LB, 20/CS",20/1 LB,$56.80
205,10092714,7817881,SYS CLS,"CREAM OF TARTAR, 1LB, 6/CS",6/1 LB,$42.60
206,10162702,3592974,SYS IMP,"OIL, OLIVE, EXTRA VIRGIN, 1GAL, 4/CS",4/1 GAL,$112.80
207,10062059,3726327,SYS CLS,"OIL, OLIVE, PURE, 1GAL, 6/CS",6/1 GAL,$98.40
208,10046413,7917152,SYS CLS,"OIL, VEGETABLE, SOYBEAN, 1GAL, 6/CS",6/1 GAL,$52.60
209,10006497,4009172,SYS CLS,"OIL, CANOLA, 1GAL, 6/CS",6/1 GAL,$48.80
210,10193085,6573147,SYS CLS,"OIL, SESAME, TOASTED, 12OZ, 12/CS",12/12 OZ,$68.40
211,10107928,5163555,SYS CLS,"OIL, GRAPESEED, 1GAL, 4/CS",4/1 GAL,$78.60
212,10069941,3670896,SYS CLS,"OIL, COCONUT, REFINED, 1GAL, 4/CS",4/1 GAL,$86.40
213,10183835,2813543,SYS CLS,"VINEGAR, RED WINE, 1GAL, 4/CS",4/1 GAL,$32.60
214,10100281,1649691,SYS CLS,"VINEGAR, WHITE WINE, 1GAL, 4/CS",4/1 GAL,$28.40
215,10123388,4731818,SYS CLS,"VINEGAR, BALSAMIC, AGED, 500ML, 12/CS",12/500ML,$78.60
216,10052316,8722606,SYS CLS,"VINEGAR, BALSAMIC, GLAZE, 500ML, 12/CS",12/500ML,$62.40
217,10091660,6120253,SYS CLS,"VINEGAR, SHERRY, 1GAL, 4/CS",4/1 GAL,$42.60
218,10059662,4740036,SYS CLS,"VINEGAR, CHAMPAGNE, 500ML, 12/CS",12/500ML,$48.80
219,10006203,4240180,SYS CLS,"VINEGAR, RICE, SEASONED, 1GAL, 4/CS",4/1 GAL,$28.60
220,10104455,6507321,SYS CLS,"VINEGAR, APPLE CIDER, 1GAL, 4/CS",4/1 GAL,$18.40
221,10073034,2164686,KIKKOMAN,"SAUCE, SOY, 1GAL, 4/CS",4/1 GAL,$52.20
222,10073170,6891254,SYS CLS,"SAUCE, SOY, LOW SODIUM, 1GAL, 4/CS",4/1 GAL,$48.60
223,10168160,9546409,SYS CLS,"SAUCE, WORCESTERSHIRE, 1GAL, 4/CS",4/1 GAL,$20.17
224,10104773,9996207,SYS CLS,"SAUCE, HOT, TABASCO, 5OZ, 24/CS",24/5 OZ,$56.40
225,10086808,1463060,HEINZ,"KETCHUP, FANCY, #10CAN, 6/CS",6/#10,$38.40
226,10030236,5382463,MAILLE,"MUSTARD, DIJON, 13.4OZ, 6/CS",6/13.4OZ,$42.80
227,10046810,5453786,SYS CLS,"MUSTARD, DIJON, 1GAL, 4/CS",4/1 GAL,$56.60
228,10010028,2818692,SYS CLS,"MUSTARD, WHOLE GRAIN, 1GAL, 4/CS",4/1 GAL,$48.40
229,10156387,8290770,SYS CLS,"MUSTARD, YELLOW, 1GAL, 4/CS",4/1 GAL,$17.02
230,10090619,6262632,SYS CLS,"MAYONNAISE, HEAVY DUTY, 1GAL, 4/CS",4/1 GAL,$52.30
231,10114398,9580255,DALLASC,"CAPERS, NONPAREIL, IN BRINE, 32OZ, 6/CS",6/32 OZ,$68.40
232,10030315,7462506,SYS CLS,"CAPERS, IMPORTED, IN BRINE, 16OZ, 12/CS",12/16 OZ,$56.60
233,10151149,4188992,SYS IMP,"TOMATO, SAN MARZANO, WHOLE, DOP, 28OZ, 12/CS",12/28 OZ,$78.60
234,10066773,1744682,SYS CLS,"TOMATO, CRUSHED, #10CAN, 6/CS",6/#10,$28.40
235,10185803,8315831,SYS CLS,"TOMATO, DICED, IN JUICE, #10CAN, 6/CS",6/#10,$28.61
236,10000443,9722815,SYS CLS,"TOMATO, PASTE, #10CAN, 6/CS",6/#10,$42.80
237,10141151,4305700,SYS CLS,"TOMATO, SAUCE, #10CAN, 6/CS",6/#10,$24.60
238,10095478,8235969,SYS CLS,"SAUCE, MARINARA, #10CAN, 6/CS",6/#10,$33.70
239,10018343,6539837,DALLASC,"OLIVE, KALAMATA, PITTED, 5LB, 2/CS",2/5 LB,$48.60
240,10163356,6266630,SYS CLS,"OLIVE, BLACK, SLICED, #10CAN, 6/CS",6/#10,$60.55
241,10173903,3090865,SYS CLS,"PICKLE, CORNICHON, 12OZ, 12/CS",12/12 OZ,$56.40
242,10188679,6038571,DALLASC,"FIG JAM, PRESERVES, 10OZ, 6/CS",6/10 OZ,$48.60
243,10132939,6188935,SYS CLS,"PRESERVES, APRICOT, 4LB, 6/CS",6/4 LB,$52.80
244,10174821,7851696,SYS IMP,"POMEGRANATE, MOLASSES, 12OZ, 6/CS",6/12 OZ,$56.40
245,10085506,7751158,SYS CLS,"MAPLE SYRUP, PURE, GRADE A, 1GAL, 4/CS",4/1 GAL,$148.60
246,10182769,5960271,SYS CLS,"MAPLE SYRUP, PANCAKE, 1GAL, 4/CS",4/1 GAL,$58.25
247,10145335,3135534,SYS CLS,"HONEY, LIGHT AMBER, 5LB, 6/CS",6/5 LB,$117.29
248,10050289,8053918,SYS CLS,"AGAVE NECTAR, LIGHT, 23.5OZ, 12/CS",12/23.5OZ,$86.40
249,10174307,7361002,SYS CLS,"CORN SYRUP, LIGHT, 1GAL, 4/CS",4/1 GAL,$58.25
250,10177554,3919694,KIKKOMAN,"SAUCE, TERIYAKI, 1GAL, 4/CS",4/1 GAL,$42.80
251,10161353,6049101,IMP/MCC,"SALT, KOSHER, COARSE, 3LB, 12/CS",12/3 LB,$42.60
252,10106450,1006810,IMP/MCC,"SALT, SEA, FINE, 26OZ, 12/CS",12/26 OZ,$38.40
253,10079658,5813613,IMP/MCC,"PEPPER, BLACK, WHOLE, 1LB, 6/CS",6/1 LB,$92.60
254,10055098,8212326,IMP/MCC,"PEPPER, BLACK, GROUND, 1LB, 6/CS",6/1 LB,$88.05
255,10152039,6406444,IMP/MCC,"PEPPER, WHITE, GROUND, 1LB, 6/CS",6/1 LB,$96.40
256,10121893,8411939,IMP/MCC,"PEPPER, RED, CRUSHED, FLAKE, 12OZ, 6/CS",6/12 OZ,$42.60
257,10115909,4585314,IMP/MCC,"PAPRIKA, SMOKED, SPANISH, 14OZ, 6/CS",6/14 OZ,$68.40
258,10134001,8938746,IMP/MCC,"PAPRIKA, SWEET, HUNGARIAN, 1LB, 6/CS",6/1 LB,$35.71
259,10192927,3846949,IMP/MCC,"CUMIN, GROUND, 14OZ, 6/CS",6/14 OZ,$65.35
260,10172713,2422633,IMP/MCC,"CINNAMON, GROUND, 1LB, 6/CS",6/1 LB,$52.60
261,10074392,9647849,IMP/MCC,"NUTMEG, GROUND, 1LB, 6/CS",6/1 LB,$78.40
262,10174025,6623525,IMP/MCC,"GARLIC, POWDER, 21OZ, 6/CS",6/21 OZ,$95.32
263,10024480,4940441,IMP/MCC,"GARLIC, GRANULATED, 26OZ, 6/CS",6/26 OZ,$109.84
264,10176369,6207974,IMP/MCC,"ONION, POWDER, 5.5LB, 3/CS",3/5.5 LB,$108.15
265,10058888,4340845,IMP/MCC,"OREGANO, DRIED, 5OZ, 6/CS",6/5 OZ,$38.60
266,10038627,1409790,IMP/MCC,"THYME, DRIED, LEAF, 6OZ, 6/CS",6/6 OZ,$42.80
267,10012114,5107776,IMP/MCC,"ROSEMARY, DRIED, WHOLE, 6OZ, 6/CS",6/6 OZ,$38.40
268,10124554,2221854,IMP/MCC,"BAY LEAF, WHOLE, 2OZ, 6/CS",6/2 OZ,$32.60
269,10119384,7953166,IMP/MCC,"BASIL, DRIED, SWEET, 5OZ, 6/CS",6/5 OZ,$36.40
270,10165089,4262081,IMP/MCC,"PARSLEY, DRIED, FLAKE, 2OZ, 6/CS",6/2 OZ,$28.18
271,10188310,7442089,IMP/MCC,"CHILI, POWDER, 1LB, 6/CS",6/1 LB,$29.87
272,10129598,7705062,IMP/MCC,"SEASONING, CAJUN, 22OZ, 6/CS",6/22 OZ,$48.60
273,10063959,3475836,IMP/MCC,"SEASONING, ITALIAN, 6.5OZ, 6/CS",6/6.5 OZ,$36.40
274,10171981,1093026,SYS CLS,"STOCK, CHICKEN, LOW SODIUM, 1QT, 12/CS",12/1 QT,$45.60
275,10196860,2788238,SYS CLS,"STOCK, BEEF, 1QT, 12/CS",12/1 QT,$48.80
276,10111449,4671545,SYS CLS,"STOCK, VEGETABLE, 1QT, 12/CS",12/1 QT,$38.40
277,10046107,9689889,SYS CLS,"BROTH, CHICKEN, 49OZ, 12/CS",12/49 OZ,$32.03
278,10121778,1842524,SYS CLS,"WINE, COOKING, RED, 1GAL, 4/CS",4/1 GAL,$42.60
279,10146120,5180853,SYS CLS,"WINE, COOKING, WHITE, 1GAL, 4/CS",4/1 GAL,$38.40
280,10031813,8658158,SYS CLS,"WINE, COOKING, MARSALA, 1GAL, 4/CS",4/1 GAL,$48.60
281,10034954,8795419,SYS CLS,"PORT WINE, COOKING, 750ML, 12/CS",12/750ML,$86.40
282,10175001,9910914,SYS CLS,"COCONUT MILK, 13.5OZ, 24/CS",24/13.5OZ,$42.60
283,10146518,6323376,SYS CLS,"COCONUT CREAM, 15OZ, 24/CS",24/15 OZ,$48.80
284,10197984,8425149,SYS CLS,"ARTICHOKE, HEARTS, QUARTERED, 14OZ, 12/CS",12/14 OZ,$56.40
285,10160603,9468772,SYS CLS,"ROASTED RED PEPPER, 12OZ, 12/CS",12/12 OZ,$42.60
286,10111867,8481188,SYS CLS,"ANCHOVY, FILLET, IN OLIVE OIL, 2OZ, 25/CS",25/2 OZ,$68.40
287,10041722,8963715,SYS CLS,"TUNA, ALBACORE, IN WATER, 66.5OZ, 6/CS",6/66.5OZ,$98.60
288,10117983,5348512,SYS CLS,"CHIPOTLE, IN ADOBO, 7OZ, 12/CS",12/7 OZ,$28.40
289,10197073,5147994,SYS IMP,"BREAD, SOURDOUGH, BOULE, 24OZ, 6/CS",6/24 OZ,$32.40
290,10167159,5652512,SYS CLS,"BREAD, BAGUETTE, FRENCH, 22IN, 12/CS",12/22 IN,$28.60
291,10136655,9130188,SYS CLS,"CROSTINI, TOASTED, ROUND, 5LB, 1/CS",1/5 LB,$38.80
292,10164298,5013879,SYS CLS,"BREADCRUMBS, PANKO, JAPANESE, 2.5LB, 6/CS",6/2.5 LB,$42.60
293,10071984,8379837,SYS CLS,"BREADCRUMBS, ITALIAN, SEASONED, 5LB, 4/CS",4/5 LB,$28.40
294,10020311,5793722,PEPFARM,"PUFF PASTRY, SHEET, 10X15, 12/CS",12/1 SHT,$68.40
295,10061471,5558623,PEPFARM,"PUFF PASTRY, SHELL, MINI, 1.5IN, 120/CS",120/1.5IN,$52.60
296,10088040,6363836,SYS CLS,"PIE SHELL, 9IN, 20/CS",20/9 IN,$26.52
297,10141597,2351868,SYS CLS,"PIE DOUGH, SHEET, 12IN, 24/CS",24/12 IN,$38.60
298,10036273,3530518,SYS CLS,"PHYLLO DOUGH, SHEET, 1LB, 12/CS",12/1 LB,$42.80
299,10060623,7426265,BAULI,"LADYFINGER, SAVOIARDI, 17.5OZ, 10/CS",10/17.5OZ,$56.40
300,10181914,3563646,SYS CLS,"WONTON WRAPPER, 3.5IN, 1LB, 12/CS",12/1 LB,$28.60
301,10185183,4589533,SYS CLS,"TORTILLA, FLOUR, 12IN, 12CT, 12/CS",12/12 CT,$41.61
302,10016837,7960328,SYS CLS,"ROLL, DINNER, BRIOCHE, 2OZ, 120/CS",120/2 OZ,$56.80
303,10106849,6551268,SYS CLS,"PISTACHIO, SHELLED, RAW, 5LB, 2/CS",2/5 LB,$98.60
304,10142242,8816912,SYS CLS,"ALMOND, SLICED, BLANCHED, 5LB, 2/CS",2/5 LB,$78.40
305,10108992,2044645,SYS CLS,"WALNUT, HALVES, 5LB, 2/CS",2/5 LB,$72.60
306,10054220,8048838,SYS CLS,"PECAN, HALVES, 5LB, 2/CS",2/5 LB,$98.40
307,10102099,1327691,SYS CLS,"PINE NUT, 5LB, 1/CS",1/5 LB,$112.60
308,10150913,7381734,SYS CLS,"SESAME SEED, WHITE, 5LB, 1/CS",1/5 LB,$32.40
309,10125037,1098919,SYS CLS,"SESAME SEED, BLACK, 1LB, 6/CS",6/1 LB,$42.60
310,10092211,6009888,SYS CLS,"COCONUT, SHREDDED, SWEETENED, 10LB, 1/CS",1/10 LB,$30.46
311,10197518,7542890,SYS CLS,"COCONUT, FLAKED, UNSWEETENED, 5LB, 1/CS",1/5 LB,$28.60
312,10109843,4700025,SYS CLS,"FRUIT, FROZEN, BLUEBERRY, IQF, 5LB, 2/CS",2/5 LB,$32.61
313,10127986,4681284,SYS CLS,"FRUIT, FROZEN, RASPBERRY, IQF, 5LB, 2/CS",2/5 LB,$36.40
314,10071548,8312114,SYS CLS,"FRUIT, FROZEN, STRAWBERRY, WHOLE, 10LB, 1/CS",1/10 LB,$26.82
315,10127308,1486955,SYS CLS,"FRUIT, FROZEN, MANGO, CHUNK, 5LB, 2/CS",2/5 LB,$28.60
316,10101936,6639317,SYS CLS,"FRUIT, FROZEN, CHERRY, DARK SWEET, PITTED, 5LB, 2/CS",2/5 LB,$38.40
317,10175341,7783308,SYS CLS,"FRUIT, FROZEN, PEACH, SLICED, 5LB, 2/CS",2/5 LB,$28.60
318,10189839,3768991,LAVAZZA,"COFFEE, ESPRESSO, WHOLE BEAN, 2.2LB, 6/CS",6/2.2 LB,$112.60
319,10122523,3141239,SYS CLS,"COFFEE, ESPRESSO, GROUND, 2LB, 6/CS",6/2 LB,$86.40
320,10163120,9961107,SYS CLS,"COFFEE, DECAF, GROUND, 2LB, 6/CS",6/2 LB,$78.60
321,10007069,7610562,SCHWPPS,"SODA WATER, SPARKLING, 8OZ, 24/CS",24/8 OZ,$18.60
322,10155161,1454696,SCHWPPS,"TONIC WATER, 8OZ, 24/CS",24/8 OZ,$22.40
323,10022006,8190929,SYS CLS,"WATER, SPARKLING, 750ML, 12/CS",12/750ML,$28.60
324,10035572,8746014,FVRTRE,"TONIC, ELDERFLOWER, 200ML, 24/CS",24/200ML,$42.80
325,10047639,1843636,SYS CLS,"SIMPLE SYRUP, 1GAL, 4/CS",4/1 GAL,$32.60
326,10068198,7360307,SYS CLS,"GRENADINE, 1LT, 12/CS",12/1 LT,$48.80
327,10085813,4551070,SYS CLS,"JUICE, LIME, 32OZ, 12/CS",12/32 OZ,$30.47
328,10119196,6483562,SYS CLS,"JUICE, LEMON, 32OZ, 12/CS",12/32 OZ,$27.92
329,10088473,7360682,SYS CLS,"JUICE, ORANGE, 46OZ, 12/CS",12/46 OZ,$48.46
330,10072943,8072684,SYS CLS,"JUICE, CRANBERRY, 46OZ, 12/CS",12/46 OZ,$28.60
331,10066131,2374158,SYS CLS,"JUICE, PINEAPPLE, 46OZ, 12/CS",12/46 OZ,$33.62
332,10123288,1325197,SYS CLS,"JUICE, GRAPEFRUIT, 46OZ, 12/CS",12/46 OZ,$38.40
333,10196352,1873851,KIKKOMAN,"PICKLED GINGER, PINK, 12OZ, 12/CS",12/12 OZ,$42.60
334,10091740,4761823,SYS CLS,"WASABI PASTE, TUBE, 1.52OZ, 10/CS",10/1.52OZ,$32.40
335,10170431,2151225,SYS CLS,"WASABI POWDER, 1LB, 1/CS",1/1 LB,$48.60
336,10170853,1675419,SYS CLS,"NORI SHEET, TOASTED, 50CT, 10/CS",10/50 CT,$56.80
337,10197717,1520596,SYS CLS,"PANKO, JAPANESE, 2.5LB, 6/CS",6/2.5 LB,$42.60
338,10064823,4344717,SYS CLS,"RICE VINEGAR, SEASONED, 1GAL, 4/CS",4/1 GAL,$28.60
339,10005342,3556551,TAJIN,"SEASONING, TAJIN, CLASICO, 14OZ, 12/CS",12/14 OZ,$56.40
340,10062533,3117636,SYS CLS,"SRIRACHA, HOT CHILI SAUCE, 28OZ, 12/CS",12/28 OZ,$48.60
341,10124141,2919136,SYS CLS,"HOISIN SAUCE, 1GAL, 4/CS",4/1 GAL,$38.40
342,10147841,4656838,SYS CLS,"FISH SAUCE, 23OZ, 12/CS",12/23 OZ,$42.60
343,10121905,5299055,SYS CLS,"MISO PASTE, WHITE, 2.2LB, 6/CS",6/2.2 LB,$48.80
344,10096703,3815034,SYS CLS,"BEEF, GROUND, 90/10, 10LB, 2/CS",2/10 LB,$72.01
345,10158831,2921542,SYS CLS,"BEEF, CHUCK ROAST, CHOICE, 11LB, 2/CS",2/11 LB,$98.60
346,10042930,6218367,SYS CLS,"BEEF, FLANK STEAK, CHOICE, 2.5LB, 6/CS",6/2.5 LB,$112.40
347,10028337,1430812,SYS CLS,"BEEF, SKIRT STEAK, CHOICE, 10LB, 1/CS",1/10 LB,$128.60
348,10081777,7296605,SYS CLS,"BEEF, TOP ROUND, CHOICE, WHOLE, 2/CS",2/16.5 LB,$156.80
349,10103980,4327421,SYS CLS,"BEEF, OXTAIL, CUT, 10LB, 1/CS",1/10 LB,$78.40
350,10019922,5074336,SYS CLS,"BEEF, LIVER, SLICED, 10LB, 1/CS",1/10 LB,$42.60
351,10026712,6059717,SYS CLS,"BEEF, MEATBALL, 1OZ, 10LB, 1/CS",1/10 LB,$48.64
352,10179374,3030966,SYS CLS,"BEEF, PATTY, 6OZ, 80/20, 40/CS",40/6 OZ,$98.40
353,10148355,1689025,SYS CLS,"BEEF, STEW MEAT, 1IN CUBES, 10LB, 1/CS",1/10 LB,$89.60
354,10091017,9937982,SYS CLS,"BEEF, SIRLOIN, TOP, CHOICE, 2/CS",2/11 LB,$134.80
355,10112296,7217147,SYS CLS,"BEEF, TRI TIP, CHOICE, 5.5LB, 4/CS",4/5.5 LB,$112.60
356,10018076,9488613,TYSON,"CHICKEN, WING, WHOLE, 40LB, 1/CS",1/40 LB,$86.40
357,10169749,6724909,TYSON,"CHICKEN, DRUMSTICK, 40LB, 1/CS",1/40 LB,$52.60
358,10003316,8047416,TYSON,"CHICKEN, TENDER, UNBREADED, 5LB, 4/CS",4/5 LB,$68.40
359,10128503,2770648,SYS CLS,"CHICKEN, LIVER, 5LB, 2/CS",2/5 LB,$18.60
360,10113645,7076506,PERDUE,"TURKEY, BREAST, WHOLE, BONELESS, 9LB, 2/CS",2/9 LB,$95.04
361,10166614,8713146,PERDUE,"TURKEY, GROUND, 93/7, 5LB, 4/CS",4/5 LB,$48.60
362,10185416,3566765,SYS CLS,"CORNISH HEN, WHOLE, 24OZ, 12/CS",12/24 OZ,$86.40
363,10114160,3955087,MAPLE L,"DUCK, LIVER, FOIE GRAS, MOUSSE, 7OZ, 6/CS",6/7 OZ,$98.60
364,10192360,9753457,SYS CLS,"CLAM, LITTLENECK, LIVE, 100CT, 1/CS",1/100 CT,$78.40
365,10170513,5531230,SYS CLS,"MUSSEL, BLACK, LIVE, 5LB, 2/CS",2/5 LB,$32.60
366,10161457,9111742,SYS CLS,"OYSTER, LIVE, PACIFIC, 100CT, 1/CS",1/100 CT,$112.60
367,10121863,8307727,SYS CLS,"CALAMARI, TUBE/TENTACLE, CLEANED, 5LB, 2/CS",2/5 LB,$48.60
368,10191634,5502929,SYS CLS,"OCTOPUS, BABY, WHOLE, FROZEN, 5LB, 2/CS",2/5 LB,$68.40
369,10084490,5118725,SYS CLS,"SWORDFISH, STEAK, 8OZ, 10/CS",10/8 OZ,$156.80
370,10022718,5679639,SYS CLS,"MAHI MAHI, FILLET, 6OZ, 10/CS",10/6 OZ,$98.40
371,10118175,5091349,SYS CLS,"SNAPPER, RED, FILLET, 6OZ, 10/CS",10/6 OZ,$112.60
372,10196732,8796514,SYS CLS,"BRANZINO, WHOLE, 1LB, 6/CS",6/1 LB,$78.40
373,10149382,7358385,SYS CLS,"SARDINE, IN OLIVE OIL, 4.375OZ, 24/CS",24/4.375OZ,$56.80
374,10088184,1481506,SYS CLS,"ANCHOVY, WHITE, MARINATED, 12OZ, 6/CS",6/12 OZ,$68.40
375,10129579,6452832,SYS CLS,"SMELT, IQF, 5LB, 2/CS",2/5 LB,$32.60
376,10047668,9179730,SYS CLS,"PORK, BELLY, SKIN-ON, 11LB, 2/CS",2/11 LB,$98.60
377,10055605,6952975,SYS CLS,"PORK, SHOULDER, BUTT, BONE-IN, 16LB, 2/CS",2/16 LB,$72.40
378,10067725,6709938,SYS CLS,"PORK, SPARE RIB, ST LOUIS, 3LB, 8/CS",8/3 LB,$98.60
379,10073310,5635017,SYS CLS,"PORK, BABY BACK RIB, 2LB, 12/CS",12/2 LB,$134.80
380,10145697,1170307,SYS CLS,"PORK, GROUND, 10LB, 2/CS",2/5 LB,$42.60
381,10135430,4205394,SYS CLS,"PORK, SAUSAGE, ITALIAN, SWEET, LINK, 4OZ, 40/CS",40/4 OZ,$56.80
382,10022442,5049282,SYS CLS,"PORK, SAUSAGE, ITALIAN, HOT, LINK, 4OZ, 40/CS",40/4 OZ,$56.80
383,10188763,7818732,SYS CLS,"PORK, SAUSAGE, BREAKFAST, LINK, 1OZ, 160/CS",160/1 OZ,$30.41
384,10128077,5031966,SYS CLS,"HAM, SMOKED, BONE-IN, 15LB, 1/CS",1/15 LB,$88.00
385,10181039,8987516,SYS CLS,"HAM, BLACK FOREST, SLICED, 5LB, 2/CS",2/5 LB,$65.32
386,10169319,9234615,SYS CLS,"YOGURT, GREEK, PLAIN, 32OZ, 6/CS",6/32 OZ,$38.40
387,10117486,1289293,SYS CLS,"YOGURT, PLAIN, WHOLE MILK, 32OZ, 6/CS",6/32 OZ,$28.60
388,10024393,5936453,SYS CLS,"MILK, 2%, 1GAL, 4/CS",4/1 GAL,$26.40
389,10058090,7784725,SYS CLS,"MILK, SKIM, 1GAL, 4/CS",4/1 GAL,$24.80
390,10181347,5081983,SYS CLS,"MILK, CONDENSED, SWEETENED, 14OZ, 24/CS",24/14 OZ,$70.94
391,10080270,7191135,SYS CLS,"MILK, EVAPORATED, #10CAN, 6/CS",6/#10,$83.61
392,10124062,9907391,SYS CLS,"CHEESE, FETA, CRUMBLED, 5LB, 2/CS",2/5 LB,$52.60
393,10090113,8138769,SYS CLS,"CHEESE, PROVOLONE, SLICED, 5LB, 4/CS",4/5 LB,$68.40
394,10195542,6549757,SYS CLS,"CHEESE, HAVARTI, SLICED, 5LB, 4/CS",4/5 LB,$72.60
395,10092225,8612582,SYS CLS,"CHEESE, MANCHEGO, WEDGE, 2LB, 4/CS",4/2 LB,$86.40
396,10071019,6144280,SYS CLS,"CHEESE, PEPPER JACK, BLOCK, 5LB, 4/CS",4/5 LB,$68.60
397,10065903,4867786,SYS CLS,"CHEESE, COLBY JACK, SHREDDED, 5LB, 4/CS",4/5 LB,$56.80
398,10031629,4231028,SYS CLS,"WHIPPED CREAM, AEROSOL, 14OZ, 12/CS",12/14 OZ,$27.40
399,10082719,3005795,IMPFRSH,"AVOCADO, HASS, 48CT, 1/CS",1/48 CT,$78.60
400,10194741,9990305,IMPFRSH,"ENDIVE, BELGIAN, 10LB, 1/CS",1/10 LB,$56.40
401,10199803,4106298,IMPFRSH,"RADICCHIO, FRESH, 12CT, 1/CS",1/12 CT,$42.60
402,10050211,4630331,IMPFRSH,"WATERCRESS, FRESH, 4OZ, 12/CS",12/4 OZ,$38.40
403,10193620,9123504,IMPFRSH,"PEA, SNAP, SUGAR, 10LB, 1/CS",1/10 LB,$48.60
404,10072482,9801946,IMPFRSH,"PEA, SNOW, FRESH, 10LB, 1/CS",1/10 LB,$52.80
405,10156445,5747930,IMPFRSH,"RADISH, RED, FRESH, 8OZ, 24/CS",24/8 OZ,$28.60
406,10026352,4256752,IMPFRSH,"LEEK, FRESH, 12CT, 1/CS",1/12 CT,$32.40
407,10077659,4816534,IMPFRSH,"ARTICHOKE, FRESH, GLOBE, 24CT, 1/CS",1/24 CT,$68.60
408,10094602,4010529,IMPFRSH,"CABBAGE, GREEN, FRESH, 50LB, 1/CS",1/50 LB,$22.40
409,10079237,1237370,IMPFRSH,"CABBAGE, RED, FRESH, 35LB, 1/CS",1/35 LB,$28.60
410,10185602,9961299,IMPFRSH,"CAULIFLOWER, FRESH, 12CT, 1/CS",1/12 CT,$42.80
411,10033182,5602180,IMPFRSH,"BROCCOLI RABE, FRESH, 20LB, 1/CS",1/20 LB,$48.60
412,10011931,1914794,IMPFRSH,"GREEN ONION, FRESH, 4OZ, 48/CS",48/4 OZ,$32.40
413,10145059,5901239,IMPFRSH,"GINGER, FRESH, ROOT, 5LB, 1/CS",1/5 LB,$18.60
414,10182823,3118618,IMPFRSH,"LEMONGRASS, FRESH, STALK, 1LB, 12/CS",12/1 LB,$42.80
415,10167213,9235577,IMPFRSH,"EDAMAME, SHELLED, FROZEN, 2.5LB, 6/CS",6/2.5 LB,$38.40
416,10026892,1205779,IMPFRSH,"BRUSSELS SPROUTS, FRESH, 25LB, 1/CS",1/25 LB,$42.60
417,10150487,5770422,IMPFRSH,"TOMATILLO, FRESH, 10LB, 1/CS",1/10 LB,$28.60
418,10123049,9031491,IMPFRSH,"SQUASH, BUTTERNUT, FRESH, 35LB, 1/CS",1/35 LB,$32.40
419,10115466,6716097,IMPFRSH,"SQUASH, ACORN, FRESH, 35LB, 1/CS",1/35 LB,$28.60
420,10048329,1861958,IMPFRSH,"MANGO, FRESH, 12CT, 1/CS",1/12 CT,$28.60
421,10066185,9014965,IMPFRSH,"PAPAYA, FRESH, 9CT, 1/CS",1/9 CT,$38.40
422,10029907,2096280,IMPFRSH,"PASSION FRUIT, FRESH, 36CT, 1/CS",1/36 CT,$56.80
423,10105043,9250138,IMPFRSH,"KIWI, FRESH, 39CT, 1/CS",1/39 CT,$42.60
424,10019420,1899411,IMPFRSH,"COCONUT, WHOLE, FRESH, 16CT, 1/CS",1/16 CT,$48.80
425,10039774,3503120,IMPFRSH,"POMEGRANATE, FRESH, 22CT, 1/CS",1/22 CT,$68.40
426,10147545,6097514,IMPFRSH,"WATERMELON, SEEDLESS, 1CT, 1/CS",1/1 CT,$12.60
427,10022329,5163953,IMPFRSH,"CANTALOUPE, FRESH, 9CT, 1/CS",1/9 CT,$28.40
428,10031051,7982241,IMPFRSH,"HONEYDEW, FRESH, 5CT, 1/CS",1/5 CT,$24.60
429,10158942,4786401,IMPFRSH,"PLUM, BLACK, FRESH, 28LB, 1/CS",1/28 LB,$52.80
430,10136989,7381684,IMPFRSH,"APRICOT, FRESH, 24LB, 1/CS",1/24 LB,$56.40
431,10118099,8427625,SYS CLS,"DATE, MEDJOOL, PITTED, 5LB, 1/CS",1/5 LB,$48.60
432,10077949,8194570,SYS CLS,"FRUIT, DRIED, APRICOT, 5LB, 1/CS",1/5 LB,$42.60
433,10080053,2010496,SYS CLS,"FRUIT, DRIED, FIG, 5LB, 1/CS",1/5 LB,$38.40
434,10159811,2664863,SYS CLS,"FRUIT, DRIED, CHERRY, TART, 5LB, 1/CS",1/5 LB,$56.80
435,10199946,4486102,SYS CLS,"RICE, SUSHI, SHORT GRAIN, 25LB, 1/CS",1/25 LB,$42.60
436,10163975,4540415,SYS CLS,"RICE, BROWN, LONG GRAIN, 25LB, 1/CS",1/25 LB,$28.40
437,10069375,2362099,SYS CLS,"LENTIL, GREEN, FRENCH, 25LB, 1/CS",1/25 LB,$52.60
438,10041171,5024269,SYS CLS,"LENTIL, RED, 25LB, 1/CS",1/25 LB,$38.40
439,10045564,2259379,SYS CLS,"CHICKPEA, DRIED, 25LB, 1/CS",1/25 LB,$32.60
440,10041034,1044891,SYS CLS,"BLACK BEAN, DRIED, 25LB, 1/CS",1/25 LB,$28.40
441,10107090,8558197,SYS CLS,"POLENTA, INSTANT, 5LB, 4/CS",4/5 LB,$38.60
442,10180714,8883823,SYS CLS,"BULGUR WHEAT, 5LB, 4/CS",4/5 LB,$28.40
443,10076351,1547605,SYS CLS,"FARRO, SEMI PEARLED, 5LB, 4/CS",4/5 LB,$48.60
444,10060680,5833597,SYS CLS,"BARLEY, PEARL, 25LB, 1/CS",1/25 LB,$22.40
445,10185324,5743227,SYS CLS,"OAT, ROLLED, OLD FASHIONED, 25LB, 1/CS",1/25 LB,$28.60
446,10184283,8617381,SYS CLS,"PASTA, RIGATONI, 1LB, 20/CS",20/1 LB,$28.60
447,10018659,4916201,SYS CLS,"PASTA, FARFALLE, 1LB, 20/CS",20/1 LB,$28.60
448,10069351,4318855,SYS CLS,"PASTA, ANGEL HAIR, 1LB, 20/CS",20/1 LB,$26.40
449,10111447,2925626,SYS CLS,"PASTA, LASAGNA, NO BOIL, 12OZ, 12/CS",12/12 OZ,$20.07
450,10142753,4771676,SYS CLS,"PASTA, CAVATAPPI, 1LB, 20/CS",20/1 LB,$28.60
451,10169773,3499627,SYS CLS,"PASTA, GNOCCHI, POTATO, 2.2LB, 6/CS",6/2.2 LB,$42.60
452,10069633,3386328,SYS CLS,"NOODLE, RICE, PAD THAI, 1LB, 12/CS",12/1 LB,$28.40
453,10018719,2000560,SYS CLS,"NOODLE, SOBA, 12OZ, 12/CS",12/12 OZ,$38.60
454,10043495,6160869,SYS CLS,"FLOUR, SEMOLINA, 25LB, 1/CS",1/25 LB,$18.60
455,10155987,5842082,SYS CLS,"FLOUR, ALMOND, BLANCHED, 5LB, 1/CS",1/5 LB,$48.40
456,10115121,3086308,SYS CLS,"FLOUR, COCONUT, 5LB, 1/CS",1/5 LB,$28.60
457,10122866,6101803,SYS CLS,"SUGAR, TURBINADO, RAW, 25LB, 1/CS",1/25 LB,$42.60
458,10183430,7752972,SYS CLS,"SUGAR, PEARL, BELGIAN, 2LB, 6/CS",6/2 LB,$38.40
459,10071367,9396529,SYS CLS,"MOLASSES, UNSULFURED, 1GAL, 4/CS",4/1 GAL,$48.60
460,10141552,9284509,SYS CLS,"FOOD COLORING, LIQUID, RED, 1PT, 6/CS",6/1 PT,$43.31
461,10114755,2349590,SYS CLS,"FOOD COLORING, LIQUID, GREEN, 1PT, 6/CS",6/1 PT,$43.31
462,10156771,1668752,SYS CLS,"FOOD COLORING, LIQUID, YELLOW, 1PT, 6/CS",6/1 PT,$43.31
463,10113253,6407658,SYS CLS,"ICING, FONDANT, WHITE, 20LB, 1/CS",1/20 LB,$68.40
464,10158259,5200476,SYS CLS,"FILLING, RASPBERRY, 10LB, 1/CS",1/10 LB,$42.60
465,10006780,2532210,SYS CLS,"FILLING, LEMON CURD, 10LB, 1/CS",1/10 LB,$56.80
466,10060011,1348050,SYS CLS,"FILLING, PASTRY CREAM, 10LB, 1/CS",1/10 LB,$48.60
467,10176234,5521644,SYS CLS,"MARZIPAN, ALMOND PASTE, 7LB, 1/CS",1/7 LB,$68.40
468,10151059,1674975,SYS CLS,"MERINGUE POWDER, 1LB, 12/CS",12/1 LB,$85.82
469,10198251,3939212,SYS CLS,"SPRINKLES, NONPAREIL, ASSORTED, 12OZ, 12/CS",12/12 OZ,$42.60
470,10123338,9706768,SYS CLS,"ARTICHOKE, HEART, MARINATED, 12OZ, 12/CS",12/12 OZ,$68.40
471,10170789,8419378,SYS CLS,"BEAN, CANNELLINI, #10CAN, 6/CS",6/#10,$42.60
472,10072917,4044882,SYS CLS,"BEAN, KIDNEY, DARK RED, #10CAN, 6/CS",6/#10,$39.74
473,10153440,8312936,SYS CLS,"BEAN, BLACK, #10CAN, 6/CS",6/#10,$38.40
474,10166405,9249789,SYS CLS,"BEAN, GARBANZO, #10CAN, 6/CS",6/#10,$42.60
475,10023918,8885465,SYS CLS,"CHICKPEA, IN BRINE, #10CAN, 6/CS",6/#10,$38.80
476,10091215,7850944,SYS CLS,"CORN, WHOLE KERNEL, GOLDEN, #10CAN, 6/CS",6/#10,$34.65
477,10087374,6386463,SYS CLS,"PEA, SWEET, EARLY JUNE, #10CAN, 6/CS",6/#10,$46.32
478,10175671,2754894,SYS CLS,"PUMPKIN, SOLID PACK, #10CAN, 6/CS",6/#10,$61.61
479,10042159,6533187,SYS CLS,"FRUIT COCKTAIL, IN JUICE, #10CAN, 6/CS",6/#10,$58.31
480,10107910,9312590,SYS CLS,"PEACH, SLICED, IN JUICE, #10CAN, 6/CS",6/#10,$54.84
481,10075554,7718473,SYS CLS,"PEAR, HALVES, IN JUICE, #10CAN, 6/CS",6/#10,$60.00
482,10199360,1615675,SYS CLS,"PINEAPPLE, CHUNK, IN JUICE, #10CAN, 6/CS",6/#10,$34.27
483,10119229,2477398,SYS CLS,"APPLESAUCE, #10CAN, 6/CS",6/#10,$42.81
484,10082448,5234550,SYS CLS,"CRANBERRY SAUCE, JELLIED, #10CAN, 6/CS",6/#10,$78.20
485,10084744,2944841,SYS CLS,"SUN-DRIED TOMATO, IN OIL, 8.5OZ, 12/CS",12/8.5OZ,$56.80
486,10105952,9633492,SYS CLS,"PESTO, BASIL, 30OZ, 6/CS",6/30 OZ,$68.40
487,10000301,8750676,SYS CLS,"TAPENADE, OLIVE, 7OZ, 12/CS",12/7 OZ,$56.60
488,10108330,1909393,SYS CLS,"CHUTNEY, MANGO, 29OZ, 6/CS",6/29 OZ,$42.60
489,10049173,9697969,SYS CLS,"HARISSA PASTE, 10OZ, 6/CS",6/10 OZ,$38.40
490,10094838,9363326,SYS CLS,"TAHINI, SESAME PASTE, 16OZ, 12/CS",12/16 OZ,$56.80
491,10163947,8416216,SYS CLS,"SAUCE, ALFREDO, #10CAN, 6/CS",6/#10,$52.60
492,10199226,1865901,SYS CLS,"SAUCE, PESTO, CREAM, 30OZ, 6/CS",6/30 OZ,$58.40
493,10053361,5480460,SYS CLS,"SAUCE, BOLOGNESE, #10CAN, 6/CS",6/#10,$48.60
494,10143974,3198037,SYS CLS,"SAUCE, DEMI-GLACE, CONCENTRATE, 1.5LB, 6/CS",6/1.5 LB,$86.40
495,10075505,8350368,SYS CLS,"SAUCE, HOLLANDAISE, RTU, 1QT, 12/CS",12/1 QT,$68.60
496,10183042,9132114,SYS CLS,"SAUCE, BEARNAISE, RTU, 1QT, 12/CS",12/1 QT,$72.40
497,10031831,1484348,SYS CLS,"SAUCE, AU JUS, CONCENTRATE, 50OZ, 12/CS",12/50 OZ,$40.62
498,10165156,5014745,SYS CLS,"SAUCE, COCKTAIL, SEAFOOD, 12OZ, 12/CS",12/12 OZ,$38.60
499,10186065,3657144,SYS CLS,"SAUCE, TARTAR, 1GAL, 4/CS",4/1 GAL,$42.80
500,10081461,1229419,SYS CLS,"SAUCE, CHIMICHURRI, 12OZ, 6/CS",6/12 OZ,$48.60
501,10144769,7844947,SYS CLS,"GRAVY, BEEF, RTU, 50OZ, 12/CS",12/50 OZ,$40.62
502,10024434,4769851,SYS CLS,"GRAVY, CHICKEN, RTU, 50OZ, 12/CS",12/50 OZ,$38.40
503,10029743,8741810,SYS CLS,"GRAVY, TURKEY, RTU, 50OZ, 12/CS",12/50 OZ,$36.60
504,10030793,3583206,SYS CLS,"DRESSING, RANCH, BUTTERMILK, 1GAL, 4/CS",4/1 GAL,$43.01
505,10130646,5896624,SYS CLS,"DRESSING, CAESAR, 1GAL, 4/CS",4/1 GAL,$52.60
506,10133397,5587308,SYS CLS,"DRESSING, BALSAMIC VINAIGRETTE, 1GAL, 4/CS",4/1 GAL,$48.40
507,10108918,9094999,SYS CLS,"DRESSING, BLUE CHEESE, 1GAL, 4/CS",4/1 GAL,$56.80
508,10123789,5089126,SYS CLS,"DRESSING, ITALIAN, 1GAL, 4/CS",4/1 GAL,$38.40
509,10119743,3426689,SYS CLS,"DRESSING, HONEY MUSTARD, 1GAL, 4/CS",4/1 GAL,$42.60
510,10100554,4197911,SYS CLS,"DRESSING, THOUSAND ISLAND, 1GAL, 4/CS",4/1 GAL,$40.80
511,10157123,9526867,SYS CLS,"VEGETABLE, FROZEN, BROCCOLI, CUT, 2.5LB, 12/CS",12/2.5 LB,$35.39
512,10195636,3290229,SYS CLS,"VEGETABLE, FROZEN, SPINACH, CHOPPED, 3LB, 12/CS",12/3 LB,$41.95
513,10018300,5634662,SYS CLS,"VEGETABLE, FROZEN, CORN, WHOLE KERNEL, 2.5LB, 12/CS",12/2.5 LB,$40.04
514,10108774,6702160,SYS CLS,"VEGETABLE, FROZEN, PEAS, GREEN, 2.5LB, 12/CS",12/2.5 LB,$46.31
515,10133100,5482413,SYS CLS,"VEGETABLE, FROZEN, GREEN BEAN, CUT, 2.5LB, 12/CS",12/2.5 LB,$34.65
516,10000672,5745250,SYS CLS,"VEGETABLE, FROZEN, CAULIFLOWER, 2LB, 12/CS",12/2 LB,$36.84
517,10190329,6008935,SYS CLS,"VEGETABLE, FROZEN, MIXED, 2.5LB, 12/CS",12/2.5 LB,$38.40
518,10153862,9214801,SYS CLS,"VEGETABLE, FROZEN, EDAMAME, SHELLED, 2.5LB, 6/CS",6/2.5 LB,$38.40
519,10038953,8491822,SYS CLS,"VEGETABLE, FROZEN, BRUSSELS SPROUT, 2.5LB, 12/CS",12/2.5 LB,$42.60
520,10141185,9125900,SYS CLS,"VEGETABLE, FROZEN, ARTICHOKE HEART, 2LB, 6/CS",6/2 LB,$48.80
521,10090472,6577416,SYS CLS,"POTATO, FROZEN, FRENCH FRY, 3/8IN, 5LB, 6/CS",6/5 LB,$38.28
522,10144681,7328534,SYS CLS,"POTATO, FROZEN, HASH BROWN, SHREDDED, 5LB, 6/CS",6/5 LB,$43.45
523,10119365,6398528,SYS CLS,"POTATO, FROZEN, SWEET, FRY, 2.5LB, 6/CS",6/2.5 LB,$37.92
524,10049454,5006492,SYS CLS,"ICE CREAM, VANILLA, PREMIUM, 3GAL, 1/CS",1/3 GAL,$48.60
525,10149893,7425184,SYS CLS,"ICE CREAM, CHOCOLATE, PREMIUM, 3GAL, 1/CS",1/3 GAL,$48.60
526,10061226,7891662,SYS CLS,"SORBET, RASPBERRY, 2.5QT, 2/CS",2/2.5 QT,$38.40
527,10011441,6338112,SYS CLS,"SORBET, MANGO, 2.5QT, 2/CS",2/2.5 QT,$38.40
528,10195219,8935224,SYS CLS,"SORBET, LEMON, 2.5QT, 2/CS",2/2.5 QT,$38.40
529,10184871,7395997,SYS CLS,"TEA, BLACK, BAGS, 100CT, 10/CS",10/100 CT,$42.60
530,10101208,3551903,SYS CLS,"TEA, GREEN, BAGS, 100CT, 10/CS",10/100 CT,$48.80
531,10129847,1621086,SYS CLS,"TEA, HERBAL, CHAMOMILE, 100CT, 10/CS",10/100 CT,$52.60
532,10033094,9427047,SYS CLS,"COFFEE, REGULAR, GROUND, 2LB, 12/CS",12/2 LB,$86.51
533,10154712,6569946,SYS CLS,"COFFEE, COLOMBIAN, GROUND, 2LB, 6/CS",6/2 LB,$98.40
534,10026309,8387112,SYS CLS,"HOT CHOCOLATE, MIX, 50CT, 6/CS",6/50 CT,$53.25
535,10026138,9823994,SYS CLS,"JUICE, APPLE, 46OZ, 12/CS",12/46 OZ,$27.86
536,10119780,1257489,SYS CLS,"JUICE, TOMATO, 46OZ, 12/CS",12/46 OZ,$25.10
537,10189384,3418526,SYS CLS,"JUICE, VEGETABLE, V-8, 46OZ, 12/CS",12/46 OZ,$28.05
538,10107473,3589751,SYS CLS,"SODA, GINGER ALE, 8OZ, 24/CS",24/8 OZ,$16.16
539,10019615,8876745,SYS CLS,"SODA, COLA, 8OZ, 48/CS",48/8 OZ,$16.16
540,10069474,6680114,SYS CLS,"WATER, SPRING, 16.9OZ, 40/CS",40/16.9OZ,$12.66
541,10163383,7668663,NIAGARA,"WATER, SPARKLING, UNFLAVORED, 12OZ, 24/CS",24/12 OZ,$18.40
542,10170350,2347467,SYS CLS,"TOFU, FIRM, 19OZ, 12/CS",12/19 OZ,$31.26
543,10086131,9952696,SYS CLS,"TEMPEH, ORIGINAL, 8OZ, 12/CS",12/8 OZ,$38.40
544,10099617,6312692,SYS CLS,"SEITAN, STRIPS, 8OZ, 12/CS",12/8 OZ,$42.60
545,10164311,9186400,SYS CLS,"HUMMUS, CLASSIC, 32OZ, 6/CS",6/32 OZ,$38.40
546,10141824,1602286,SYS CLS,"PEANUT BUTTER, CREAMY, 5LB, 6/CS",6/5 LB,$53.46
547,10161863,2147909,SYS CLS,"ALMOND BUTTER, CREAMY, 5LB, 2/CS",2/5 LB,$78.40
548,10061543,5821419,SYS CLS,"MARSHMALLOW, LARGE, WHITE, 1LB, 12/CS",12/1 LB,$27.70
549,10059634,2516313,SYS CLS,"MARSHMALLOW, MINI, WHITE, 1LB, 12/CS",12/1 LB,$24.60
550,10113763,2651601,SYS CLS,"CROUTON, GARLIC HERB, 2.5LB, 4/CS",4/2.5 LB,$28.40
551,10199326,2686231,SYS CLS,"CROUTON, CAESAR, 2.5LB, 4/CS",4/2.5 LB,$28.40
552,10116307,3791137,SYS CLS,"TORTILLA CHIP, WHITE CORN, 2LB, 6/CS",6/2 LB,$36.42
553,10181928,6024207,SYS CLS,"CHIP, POTATO, REGULAR, 1LB, 9/CS",9/1 LB,$28.22
554,10007588,1771600,SYS CLS,"PRETZEL, MINI, TWIST, 1.5OZ, 60/CS",60/1.5 OZ,$28.60
555,10085032,1941524,SYS CLS,"POPCORN, KERNEL, 2LB, 12/CS",12/2 LB,$22.40
556,10076904,7014016,SYS CLS,"WRAP, PLASTIC, 18IN, 2000FT, 1/CS",1/2000 FT,$28.60
557,10098262,8225725,SYS CLS,"FOIL, ALUMINUM, HEAVY DUTY, 18IN, 500FT, 1/CS",1/500 FT,$68.40
558,10038160,5096953,SYS CLS,"PARCHMENT PAPER, PAN LINER, HALF SHEET, 1000/CS",1/1000 CT,$42.60
559,10139242,7913081,SYS CLS,"GLOVE, NITRILE, MEDIUM, 100CT, 10/CS",10/100 CT,$56.80
560,10148354,4020853,SYS CLS,"GLOVE, NITRILE, LARGE, 100CT, 10/CS",10/100 CT,$56.80
561,10044560,3937176,SYS CLS,"TOWEL, PAPER, ROLL, 85CT, 30/CS",30/85 CT,$48.60
562,10020701,7418028,SYS CLS,"BAG, PIPING, DISPOSABLE, 18IN, 100/CS",100/18 IN,$32.40
563,10162453,5040453,SYS CLS,"CONTAINER, DELI, 8OZ, 250/CS",250/8 OZ,$22.60
564,10130460,3401116,SYS CLS,"CONTAINER, DELI, 16OZ, 250/CS",250/16 OZ,$28.40
565,10060866,8736811,SYS CLS,"CONTAINER, DELI, 32OZ, 250/CS",250/32 OZ,$34.60
